first_name,last_name,phone,email,role,password,active,event_name,event_description,start_time,end_time,location,max_attendees,status,event_id,user_id,check_in_status,attendee_active,created_by_id
Walter,Cox,9275064688,nsellers@gmail.com,user,password123,False,Really.,Us nice wife my democratic without.,2024-10-06 15:25:12,2021-05-31 13:20:51,West Erinborough,230,canceled,6,91,True,True,6
Kyle,Pham,3260030292,burkesharon@gmail.com,user,password123,False,International if mouth.,Project say final.,2025-01-06 00:15:25,2022-09-07 12:03:11,Lake Deborahborough,207,canceled,7,2,True,True,2
Ashley,Clements,5614369528,johnathan11@gmail.com,user,password123,False,Continue quite operation material.,Than opportunity style state.,2021-04-21 14:11:38,2021-02-03 08:50:16,Port Meaganview,131,canceled,6,40,False,True,4
Ann,Yoder,5094232074,gibbsfelicia@gmail.com,user,password123,True,Foreign per.,In yeah animal yourself especially.,2022-09-22 16:53:54,2021-09-30 10:38:33,Ernesthaven,258,canceled,10,79,True,True,3
Paul,Moore,6274645030,howarderic@gmail.com,user,password123,False,East.,Son or their cell style could themselves.,2023-07-11 04:21:34,2023-06-08 11:42:56,Kennethland,406,scheduled,2,32,True,False,10
Jennifer,Wright,6323726879,lrodriguez@gmail.com,user,password123,True,Senior themselves visit.,Yard material according.,2021-05-21 07:26:55,2020-01-14 03:00:30,Scottmouth,500,canceled,7,18,False,True,8
David,Mccullough,1235116167,duranchristopher@gmail.com,user,password123,True,Example action.,Anything work common song fill research.,2022-10-25 03:08:59,2021-03-15 10:50:50,Adamsfurt,42,scheduled,5,81,True,True,9
Bethany,Pratt,0686261226,cookclaudia@gmail.com,user,password123,False,Think by.,Each into debate every dark maintain possible.,2023-04-30 05:08:39,2024-04-07 14:37:57,Hollowayside,259,canceled,6,95,False,False,7
Chelsea,Douglas,3848998783,amandajohnson@gmail.com,user,password123,False,Store raise act.,Sound officer follow guy upon according.,2023-12-11 14:35:03,2020-06-25 11:30:05,Tracystad,179,confirmed,8,46,False,True,1
Michael,Dominguez,5027375952,jessehodges@gmail.com,user,password123,False,Hope ball.,Everybody stuff strategy customer.,2020-09-14 12:27:06,2022-12-30 04:44:26,Ginaborough,335,scheduled,2,79,False,False,10
Ryan,Guerrero,9138841386,stacey21@gmail.com,user,password123,False,Able game city.,Data look sea certainly.,2021-09-21 22:34:12,2023-11-13 11:29:03,Dennisborough,462,canceled,5,75,False,False,10
Brandon,Hansen,9752738159,fergusontodd@gmail.com,user,password123,True,Wish mention.,Medical enter since money.,2021-07-22 05:16:03,2022-12-08 07:36:35,Lake Theresa,118,scheduled,7,29,True,True,10
Jeffrey,Gonzalez,3288242204,jessicastephenson@gmail.com,user,password123,False,Compare political eat.,Pretty society reduce political.,2020-12-15 07:05:27,2022-10-14 02:40:52,Michaelton,77,scheduled,2,35,True,True,6
Nathan,Chan,9044442885,jonathanmiller@gmail.com,user,password123,True,Coach difference.,Production listen put reduce degree finish.,2022-10-09 09:54:08,2021-03-25 12:29:31,Kimville,305,confirmed,4,26,True,True,4
David,Moore,4035085966,yrobinson@gmail.com,user,password123,False,Happy oil than.,Remain series machine important speak.,2024-03-26 00:03:44,2022-06-25 01:08:52,Kleinhaven,362,confirmed,7,45,True,True,5
Katherine,Haney,5583534035,adamedwards@gmail.com,user,password123,True,Purpose safe.,At myself exist high act population.,2023-04-21 08:39:04,2020-02-21 14:24:40,Wongshire,78,canceled,7,79,True,False,6
Megan,Dixon,4060819361,ibarrakatie@gmail.com,user,password123,True,Beyond with.,Country ok fall officer allow behind.,2020-11-02 20:25:17,2023-05-04 07:19:23,Randyview,180,confirmed,9,70,False,False,1
Jenna,Gonzalez,2859303053,tyler16@gmail.com,user,password123,True,Deep life.,Option win apply put bed push.,2021-03-13 14:30:13,2021-10-02 15:34:32,Angelaton,222,canceled,1,95,True,False,4
Heather,Simpson,7181162110,xwillis@gmail.com,user,password123,False,Wrong identify else.,Something current deep six bed institution.,2022-07-03 16:25:12,2020-04-13 21:37:58,Lake Julie,359,scheduled,2,6,False,False,7
Brian,Ruiz,1460818576,heather62@gmail.com,user,password123,True,Why son court.,Report such bar.,2022-08-31 03:41:20,2023-06-10 06:00:17,Port Ricardobury,230,canceled,9,84,True,False,9
Michael,Davis,5161155733,fryealexander@gmail.com,user,password123,False,East way fire.,Prove entire special somebody forward heavy.,2022-12-18 14:50:03,2024-11-03 23:23:12,Mooretown,261,scheduled,9,18,True,True,7
April,Santana,8895660162,danielthomas@gmail.com,user,password123,True,Late seek account.,Structure poor member notice art energy beyond.,2020-08-12 13:39:30,2020-10-31 05:23:51,Danielview,219,confirmed,3,3,True,False,9
Justin,Johnson,8643937044,hughesjesus@gmail.com,user,password123,True,Score small place.,Own TV thus could site.,2020-10-17 20:20:25,2021-07-28 15:26:45,East Cathy,169,scheduled,1,72,True,False,2
David,Johnson,4487317183,fisherraymond@gmail.com,user,password123,False,Prepare nation.,Old garden system general form.,2024-12-31 13:03:07,2020-05-17 05:57:22,Christopherburgh,492,canceled,3,63,False,True,2
Karina,Williams,7590923230,rmiranda@gmail.com,user,password123,False,Last heart television.,Community partner program federal.,2023-09-15 17:29:05,2020-01-04 05:40:30,Charlesberg,228,scheduled,7,28,False,False,1
Sarah,Mcintosh,5451921203,dakota00@gmail.com,user,password123,True,Radio sign military.,Minute spring loss threat take inside type.,2021-02-20 18:16:04,2020-09-13 13:17:35,Josephtown,210,confirmed,4,67,False,False,7
Valerie,Williams,8857339188,hernandeztammy@gmail.com,user,password123,True,Follow PM interest any.,Official yet lay tend run.,2024-07-03 18:50:48,2020-11-11 06:14:48,New Rogershire,422,confirmed,2,64,False,True,9
Cody,Mann,0977834322,kgibson@gmail.com,user,password123,False,Rule score hear.,Trip investment true.,2021-02-23 23:08:22,2020-02-08 15:46:19,Millerton,127,canceled,6,99,False,True,2
Benjamin,Waters,0856685795,doylecory@gmail.com,user,password123,False,Likely force.,Pattern image bank whole popular form car.,2020-10-24 06:04:14,2020-04-19 16:16:43,East Daniel,102,canceled,7,64,True,False,9
Shannon,Holden,5496518706,tammylewis@gmail.com,user,password123,False,Drop institution.,Model available job bank reduce recently.,2021-04-02 00:37:38,2022-12-20 11:03:05,North Danielle,115,canceled,4,66,True,False,5
Andrew,Hanson,0209475459,monicamorgan@gmail.com,user,password123,True,Performance sea notice.,Morning material rate market million.,2024-07-03 18:18:16,2024-10-22 19:55:03,Brucefurt,294,scheduled,3,96,True,True,7
Jason,Chang,9005752115,fisherjonathan@gmail.com,user,password123,True,Thousand choose computer instead.,Top so help should travel care.,2021-06-13 17:22:27,2023-08-11 11:16:58,East Jennifer,288,scheduled,2,71,False,True,6
Perry,Ross,6393518529,morsemarissa@gmail.com,user,password123,False,Assume risk.,Contain design remain fast cell.,2022-06-10 17:45:34,2023-06-03 07:25:32,South Edwardville,20,confirmed,7,90,True,True,3
Joseph,Smith,7475468720,vhoward@gmail.com,user,password123,False,Section pay good.,Information offer agree assume surface blood.,2022-04-21 08:29:55,2023-01-02 00:40:43,Fuentesberg,216,canceled,6,57,False,False,6
Amy,Phillips,7802922086,julie06@gmail.com,user,password123,False,News their.,Question decide crime well action keep.,2020-01-03 03:27:03,2022-12-23 06:50:12,Wesleyport,446,canceled,1,40,False,False,1
Tina,Montgomery,3560440041,dana90@gmail.com,user,password123,False,Society reveal.,Surface pay bad deal letter business.,2020-06-30 07:50:49,2020-11-16 06:55:12,North Kimberlybury,340,canceled,7,23,False,False,10
Clayton,Hall,3052362902,hoffmantheresa@gmail.com,user,password123,True,Shake buy late each.,Push push order million ok.,2023-08-22 09:10:22,2022-08-17 18:05:06,Ashleeview,176,canceled,6,80,False,True,8
David,Franklin,8943003621,michelle51@gmail.com,user,password123,False,Myself thus member.,Group safe key police become smile.,2023-09-13 19:11:16,2020-07-17 07:50:38,East Barbaraport,85,canceled,9,88,True,False,5
Carlos,Greene,6745815035,ebeltran@gmail.com,user,password123,False,Man per.,Section character bring human.,2021-10-15 01:51:35,2023-01-21 09:14:26,North Brittany,61,scheduled,9,47,True,True,8
Lisa,Kent,4402212565,lhunter@gmail.com,user,password123,False,Enough candidate.,Wind the remember sometimes crime dream.,2023-05-13 05:01:56,2023-06-22 07:57:32,Port Marvinton,200,scheduled,7,11,True,True,6
Elizabeth,Atkins,0325011236,amy80@gmail.com,user,password123,False,Leader southern decision.,Left indicate reflect near bit natural.,2021-01-24 19:03:41,2022-09-04 18:23:17,Jaredborough,468,scheduled,5,46,False,False,9
Marie,Castro,7405405436,khenderson@gmail.com,user,password123,True,Cultural least financial less.,Save else million ability share international.,2022-01-05 13:18:56,2024-10-03 02:01:16,New Henryberg,154,scheduled,5,45,False,False,2
Brian,Clark,5804607663,amanda94@gmail.com,user,password123,False,Above yourself.,Beautiful call foot home happy scene.,2023-08-30 11:06:59,2020-01-01 03:30:17,North William,313,canceled,10,29,True,True,5
Jeffrey,Dudley,0387764408,darrenharrell@gmail.com,user,password123,True,Forget grow.,Themselves lawyer list.,2024-07-21 09:31:24,2023-10-20 09:48:22,Ashleytown,374,confirmed,1,69,False,True,7
Charles,Taylor,4779919123,vickireid@gmail.com,user,password123,True,Day name half.,Discussion rather article only.,2023-10-03 16:02:30,2022-10-23 22:04:55,West Carrie,317,canceled,4,54,False,False,7
James,Sloan,9102452120,staceycharles@gmail.com,user,password123,True,Institution responsibility expect.,Support other family option once baby.,2020-12-06 12:36:14,2023-11-04 15:36:03,Gomezberg,267,scheduled,6,14,False,False,9
Shannon,Washington,1598293540,dakota41@gmail.com,user,password123,True,This finish.,Idea nor sure note language hit visit.,2020-05-25 19:38:30,2024-11-08 09:52:39,Jennafurt,15,canceled,6,71,False,False,10
Anne,Avery,0817914571,pamela85@gmail.com,user,password123,False,Necessary though would.,Cause expert person son front.,2024-01-30 04:16:54,2022-07-15 04:14:37,South Andrew,272,confirmed,2,20,True,True,3
Lisa,Cole,4171929974,cscott@gmail.com,user,password123,True,Particular majority.,Time task involve care thus note attorney.,2022-02-09 22:16:22,2021-11-12 14:39:40,Heatherside,431,scheduled,10,32,True,False,3
Christina,Bond,2012067202,andersonanna@gmail.com,user,password123,False,Federal state.,Anyone property produce.,2022-05-19 01:43:21,2025-01-30 22:46:44,West Heather,84,scheduled,8,27,False,False,9
Victoria,Johnson,3623305134,jmoore@gmail.com,user,password123,True,Or current.,Style such teach at it represent.,2024-11-24 14:52:05,2024-09-20 18:56:51,North Debbie,262,confirmed,7,33,True,True,5
Anthony,Dunn,8476856273,buckmichael@gmail.com,user,password123,True,Member nothing.,Message admit seven.,2024-02-13 14:11:09,2022-01-10 21:40:07,South Vincent,315,confirmed,1,80,False,False,7
Donald,Horn,8788809807,dave74@gmail.com,user,password123,False,Artist require pay.,Raise imagine road.,2024-02-08 00:41:53,2020-10-06 12:09:39,Caseyhaven,308,canceled,2,32,False,True,4
Ariel,Brown,5214332034,henryschneider@gmail.com,user,password123,False,During.,Visit understand report list energy already.,2023-03-10 08:55:15,2021-11-07 11:19:12,Angelaland,277,scheduled,1,96,False,False,1
Karina,Johnson,6220854380,qsmith@gmail.com,user,password123,True,Surface rule.,Camera money a between. Rich item phone draw him.,2021-07-24 17:37:44,2024-02-02 00:06:51,West Shaneside,135,scheduled,9,17,False,True,4
Kathryn,Nichols,9560717926,renee83@gmail.com,user,password123,True,Task hospital.,Leg left represent check.,2021-03-31 10:10:42,2023-08-30 10:42:52,Smithburgh,432,scheduled,2,59,False,False,8
Steven,Clarke,9594213811,hallchristopher@gmail.com,user,password123,True,Black pick tell.,Common short main area effect tough create.,2020-03-27 22:51:38,2023-07-23 22:07:06,Mahoneyland,327,confirmed,10,7,True,True,8
Crystal,Alvarado,5936633879,cjohnson@gmail.com,user,password123,True,Throw executive town.,Admit data until throw.,2021-12-01 21:26:40,2021-02-26 06:24:49,Port Hayleyfort,375,scheduled,6,37,True,False,5
Hector,Robertson,9473147978,stacey35@gmail.com,user,password123,True,Dinner particular.,Executive treat send those hotel address concern.,2023-11-07 04:03:24,2023-01-11 16:06:24,Port Steven,474,canceled,4,92,True,False,5
Renee,Grant,6794167333,jennifer19@gmail.com,user,password123,False,Tonight become.,American join toward bring writer mean movie.,2023-06-08 22:30:40,2023-05-25 18:28:49,North Melindaland,16,canceled,5,28,False,False,8
Dean,Hernandez,6487115830,joseph87@gmail.com,user,password123,True,Today training fish.,Edge staff ok box. Enter form hundred skin.,2024-07-28 09:02:37,2022-11-19 07:07:41,East Steven,62,confirmed,3,53,True,False,9
Tara,Taylor,1760521430,darlenerodgers@gmail.com,user,password123,True,Believe.,Forget recent outside around.,2022-02-17 17:43:40,2024-04-13 20:34:26,Whitefort,477,scheduled,5,11,True,False,3
Jennifer,Jones,0486983386,nreyes@gmail.com,user,password123,False,School old.,Look condition newspaper region find yourself.,2021-12-16 04:09:40,2024-12-10 10:38:07,North Jamesport,132,scheduled,1,85,True,False,2
Donald,Cross,3729543131,dunnlaura@gmail.com,user,password123,True,Everything firm happen.,Former call goal actually.,2024-10-24 05:49:33,2020-05-06 00:59:43,East Troyland,84,confirmed,2,81,False,True,1
Monica,Eaton,7898734629,stephenbarber@gmail.com,user,password123,False,Loss.,Lay big watch wrong choice.,2020-04-16 21:33:30,2024-02-24 18:54:08,Kayleestad,190,scheduled,2,21,True,False,4
Cheryl,Little,5761305675,fwilson@gmail.com,user,password123,False,Everybody just chance.,Fund finish partner debate mouth true.,2020-07-31 01:15:15,2023-10-06 03:52:40,Colleenmouth,458,confirmed,8,50,True,False,9
Carol,Campbell,2193532403,gerald17@gmail.com,user,password123,True,Local fish.,Line court still spend water statement.,2022-03-06 19:55:14,2024-03-11 04:39:35,East Tristanstad,253,canceled,9,63,False,True,2
Matthew,Johnson,7489135172,vcollins@gmail.com,user,password123,True,Production occur.,City will fund police performance fire born.,2024-12-05 16:40:07,2023-12-16 11:02:05,Smithtown,490,scheduled,4,53,False,False,6
Mary,Watson,4403281974,billycunningham@gmail.com,user,password123,False,Line.,Me debate because attack treat cause measure.,2023-03-27 19:20:08,2022-11-13 22:42:16,Henryland,11,canceled,10,61,True,True,6
William,Robinson,4851427466,smithanthony@gmail.com,user,password123,True,Because carry.,Tv own military dark make.,2022-07-05 04:21:43,2023-10-24 03:33:39,East Samantha,125,confirmed,10,45,True,True,6
Courtney,Contreras,9937440955,nicolecarr@gmail.com,user,password123,True,Conference this discover.,Community task happen large.,2024-07-24 11:23:27,2022-03-30 03:22:57,Keithchester,123,confirmed,8,59,False,True,10
Christopher,Hayden,6140099677,makayla59@gmail.com,user,password123,True,Order what good population.,Start score range example. Activity tend threat.,2021-03-11 16:43:12,2020-03-31 03:05:05,Wendyhaven,91,confirmed,4,30,True,True,1
Justin,Padilla,4397468294,michaelflores@gmail.com,user,password123,True,Media respond arrive.,Night him growth try.,2020-09-22 22:36:06,2024-11-05 22:19:17,Lake Michaelfort,75,confirmed,10,13,True,False,2
Jonathan,Parrish,0166782566,omorgan@gmail.com,user,password123,True,Responsibility list.,Soldier indicate middle debate source war skin.,2020-11-12 08:52:46,2024-05-01 00:16:30,North Danielland,230,canceled,6,98,False,False,3
James,Barber,2562289585,tracy43@gmail.com,user,password123,False,Sister expert if.,Allow moment floor try.,2024-10-22 04:56:23,2022-04-30 03:49:07,Christopherstad,24,scheduled,4,25,True,False,4
Jeffrey,Reynolds,6037839940,patrick89@gmail.com,user,password123,False,Off suffer artist happen.,High between state common investment play.,2024-06-07 09:32:48,2024-05-16 15:41:51,Lopezfurt,135,scheduled,3,88,False,False,3
Brian,Anderson,5621268908,johnsonmichaela@gmail.com,user,password123,False,Decade brother.,Walk these lose hard. Very red contain million.,2023-07-11 10:04:49,2022-11-02 05:17:47,Mariobury,117,scheduled,2,70,True,False,5
Kristen,Bond,9980307769,gregory58@gmail.com,user,password123,False,Scientist people factor never.,Center range people drive.,2021-01-04 19:56:46,2024-08-20 09:54:00,Lake Julieburgh,234,confirmed,10,54,True,False,7
Lisa,Clark,8166212378,poncesusan@gmail.com,user,password123,False,Color eight blue.,Weight above wear tonight place.,2021-11-15 23:19:59,2022-06-20 15:01:36,South Austinfurt,198,canceled,7,4,True,False,6
Christopher,Rodriguez,8837973227,tannerboyd@gmail.com,user,password123,False,Cause manager.,Factor safe mention how.,2024-04-14 13:24:29,2020-10-13 02:33:29,Collinsport,362,canceled,10,9,False,False,8
Justin,Sharp,3608871927,ernest87@gmail.com,user,password123,False,Near support material road.,Hear beyond left here oil military operation.,2024-07-03 23:22:08,2023-02-27 07:36:22,Annaland,434,canceled,7,21,True,False,8
Kelly,Clarke,3232404483,johnsonneil@gmail.com,user,password123,True,Ago recognize but.,Four effect whether garden mouth.,2020-06-15 21:10:39,2024-03-05 14:28:21,New Michelle,495,confirmed,9,100,False,True,3
Karla,Park,3660217083,qblackwell@gmail.com,user,password123,True,Analysis need leader.,Determine concern nearly computer onto.,2020-08-23 09:01:17,2022-05-04 11:11:10,Clarkshire,437,confirmed,2,70,False,False,4
Kevin,Reid,5126575665,scott86@gmail.com,user,password123,True,Parent product.,Read leader season own marriage interesting city.,2020-12-10 18:06:55,2020-09-12 10:23:41,South Kimberlyville,206,confirmed,3,1,False,False,9
Peter,Ramos,2743472934,csimpson@gmail.com,user,password123,True,Must right.,Security bit minute. May next process apply.,2024-05-21 06:48:44,2024-01-10 03:18:05,Brianberg,454,scheduled,2,31,False,True,5
Hannah,Pitts,4017965690,pateltimothy@gmail.com,user,password123,True,Bank generation.,Purpose office quality.,2020-09-28 11:46:05,2021-08-15 23:24:20,Port Christopherchester,27,confirmed,5,61,False,True,10
Lori,Martinez,8880986687,ikelly@gmail.com,user,password123,False,Cold her.,About born woman include hold mean.,2024-10-02 16:53:00,2021-11-27 08:43:03,Blairberg,432,canceled,2,92,True,False,4
Jon,Flowers,7883404547,vbauer@gmail.com,user,password123,False,Seven church box.,Behavior traditional trouble face structure air.,2020-02-08 08:13:40,2022-03-15 18:51:30,East Terri,112,confirmed,6,33,False,False,7
Jesse,Thompson,9663711748,johnsonvanessa@gmail.com,user,password123,False,Above high.,Week free you sister huge green drug.,2024-07-28 14:15:03,2020-12-09 08:15:27,Lake Kimberly,425,confirmed,8,83,True,False,5
Tammy,Murphy,3536375391,kari18@gmail.com,user,password123,False,Industry serious.,Time draw even recognize probably.,2021-01-02 23:16:22,2022-10-02 02:09:26,Kristinabury,95,canceled,9,53,True,True,3
Catherine,Parker,0927646165,jhawkins@gmail.com,user,password123,True,Rather later rise.,Management policy life enjoy.,2025-02-05 13:07:13,2020-06-10 01:53:59,North Susan,66,scheduled,10,6,True,False,8
Jody,Andrews,9789074610,kathrynpage@gmail.com,user,password123,False,A range rule.,North partner nation black.,2021-08-12 02:22:12,2021-11-06 01:55:13,New Ryan,418,confirmed,6,61,False,True,7
Heather,Crawford,2184079689,ashley65@gmail.com,user,password123,True,Road walk.,Record hear that respond.,2022-02-15 16:24:58,2020-09-03 13:54:54,East Stacey,280,scheduled,6,59,True,True,7
Katie,Smith,5098143056,michelle74@gmail.com,user,password123,True,Skin start risk.,But enjoy rich second forward.,2023-11-12 19:20:18,2021-05-20 23:24:36,Murrayland,183,canceled,6,91,True,True,7
William,Rodgers,9528400895,patriciawhite@gmail.com,user,password123,False,Treat quite.,Give to with too different.,2021-10-21 02:37:38,2021-12-22 12:59:48,North Michael,497,scheduled,4,82,True,True,8
Donald,Hart,2111722287,robertray@gmail.com,user,password123,True,Thus coach standard.,Guess each kid represent. Edge chance college.,2023-08-14 18:06:30,2020-06-08 02:39:13,Danielsland,164,canceled,3,84,True,False,7
Douglas,Chase,9707489389,markperry@gmail.com,user,password123,True,Successful weight strong.,Hour offer may if hundred bar.,2024-05-08 13:57:59,2022-11-06 04:24:12,Melissafurt,195,canceled,2,90,False,True,9
Patricia,Weiss,0668950184,smithsylvia@gmail.com,user,password123,True,Task.,Fear professional hear.,2020-04-03 00:10:34,2021-03-14 19:20:57,South Jeffrey,67,canceled,3,91,False,False,4
Danielle,Sanchez,0828390056,brownelizabeth@gmail.com,user,password123,True,Church today certainly radio.,Crime week wait animal sing key soon.,2023-01-14 17:58:56,2024-04-08 14:07:31,Greenborough,38,canceled,7,31,True,False,6
Travis,White,5421967552,msmith@gmail.com,user,password123,True,Second sea too.,Minute sure prepare bring charge.,2022-03-09 03:29:41,2022-03-23 03:05:51,Currybury,357,canceled,1,53,True,False,8
